"Name","Category","Cost Price","Price","Quantity","Description","Status","Barcode","Barcode Type","Special Prices"
"pbl04-508","Crokory","88","130","48","","Active","'8964004636967","EAN13",""
"ppe09.901","Crokory","192","220","24","","Active","'8964004636783","EAN13",""
"rainbow 2450","Crokory","1750","2450","6","","Active","'7175204893611","EAN13",""
"sheraz ","","1100","1500","2","","Active","'4881533303136","EAN13",""
"silicone gloves 300","Crokory","220","300","12","","Active","'1813111174114","EAN13",""
"steel mug stand 250","Crokory","150","250","12","","Active","'1372420825686","EAN13",""
"api bursh 350","Crokory","250","350","46","","Active","'4912447612202","EAN13",""
"api dustbin 250","Crokory","220","250","60","","Active","'7514369855964","EAN13",""
"api muga ","Crokory","120","200","288","","Active","'4443279351804","EAN13",""
"garbage shovel api ","Crokory","132","250","143","","Active","'Ahad Plastic IndustryClassic Garbage Shovel","CODE128",""
"ISFAHAN PRAU 350","Crokory","260","350","34","","Active","'8964003538149","EAN13",""
"coral Sprau 250","","194","250","72","","Active","'8964003538606","EAN13",""
"color bottle 1300","Crokory","980","1300","3","","Active","'2631192670221","EAN13",""
"travel 500 ml ","Crokory","780","1000","4","","Active","'9222077599565","EAN13",""
"vacuum 800 ml 1250","Crokory","1050","1250","7","","Active","'2942771683397","EAN13",""
"vacuum 1000 ml 1500","Crokory","1150","1500","4","","Active","'6631171422502","EAN13",""
"mlcrowave oven cover ","Crokory","220","300","4","","Active","'6974339300046","EAN13",""
"fridge cover","Crokory","220","300","3","","Active","'6974339300084","EAN13",""
"rui knife","Crokory","220","250","7","","Active","'1223880040433","EAN13",""
"steel namak dani 250","Crokory","180","250","4","","Active","'4738143858047","EAN13",""
"thai","Crokory","450","700","12","","Active","'9205748849022","EAN13",""
"spoon golden 1000","Crokory","780","1000","6","","Active","'8260120279065","EAN13",""
"spoon 250","Crokory","170","250","32","","Active","'4786186507743","EAN13",""
"joji spoon 350","Crokory","240","350","12","","Active","'6990016270549","EAN13",""
"eotia L","Crokory","450","600","3","","Active","'8701042570958","EAN13",""
"aprin 150","Crokory","85","150","27","","Active","'9134591969550","EAN13",""
"jurin art 500","Crokory","350","500","13","","Active","'6261686802539","EAN13",""
"minions","Crokory","1100","1500","4","","Active","'1528774283195","EAN13",""
"biscuid sancha 100","Crokory","28","100","17","","Active","'2460971037814","EAN13",""
"silicone steamer ","Crokory","180","300","23","","Active","'7515566952661","EAN13",""
"terminator","Crokory","130","70","14","","Active","'5864325396867","EAN13",""
"multifunctional","Crokory","180","250","6","","Active","'1362161711409","EAN13",""
"alo minshar 250","Crokory","150","250","5","","Active","'4020209319082","EAN13",""
"barsh shimpo 250","Crokory","120","250","3","","Active","'2975128759537","EAN13",""
"rongxing 5 pc","Crokory","100","200","6","","Active","'6931443901071","EAN13",""
"grain hook 250","Crokory","110","250","9","","Active","'6971115421810","EAN13",""
"ws","Crokory","100","130","9","","Active","'2017851907943","EAN13",""
"salikon tokari","Crokory","120","250","9","","Active","'1928627155776","EAN13",""
"measuring cup","Crokory","180","250","4","","Active","'8892351526672","EAN13",""
"original hsm ","Crokory","150","250","5","","Active","'7872329241128","EAN13",""
"shuang 3","Crokory","270","400","6","","Active","'6945036599613","EAN13",""
"cleaning essential","Crokory","110","200","8","","Active","'6499159203150","EAN13",""
"allthings","Crokory","180","250","3","","Active","'679899015039","CODE128",""
"gusta 4 pc","Crokory","400","700","3","","Active","'8712628491109","EAN13",""
"cake spatula S","Crokory","120","200","10","","Active","'9350737571962","EAN13",""
"black water set ","Crokory","850","1200","6","","Active","'8964003301163","EAN13",""
"blue water set ","Crokory","850","1200","6","","Active","'8964003301668","EAN13",""
"cross mug","Crokory","430","600","9","","Active","'8021499588789","EAN13",""
"pdh09.702","Crokory","360","500","4","","Active","'8964004636080","EAN13",""
"juice lazuli","Crokory","210","250","8","","Active","'8964004636912","EAN13",""
"pcp20.310","Crokory","430","600","10","","Active","'8964004636141","EAN13",""
"aprin 250","Crokory","115","250","20","","Active","'6477038291245","EAN13",""
"dish 250 ","Crokory","150","250","17","","Active","'7553183142720","EAN13",""
"coco ","Crokory","450","600","3","","Active","'GG-246","CODE128",""
"costa water set","Crokory","550","750","0","","Active","'GG-241","CODE128",""
"wiper m","Crokory","190","250","9","","Active","'9983867287153","EAN13",""
"wiper m","Crokory","190","250","3","","Active","'9983867287153","EAN13",""
"sitara ","Crokory","220","300","9","","Active","'925558791265","UPC",""
"kk nonbox 300","Crokory","300","220","12","","Active","'7168695737168","EAN13",""
"kk nonbox 450","Crokory","300","450","5","","Active","'2373859516816","EAN13",""
"dream ","Crokory","200","250","0","","Active","'8663348637431","EAN13",""
"cake sat 7 pice","Crokory","550","700","12","","Active","'8627276370044","EAN13",""
"jug max 300","cosmetics","250","300","10","","Active","'8676584745594","EAN13",""
"Bleach ","cosmetics","250","300","4","","Active","'4555787871368","EAN13",""
"Phenyle Rose ","cosmetics","280","300","3","","Active","'9242000015566","EAN13",""
"Phenyle Lavender ","cosmetics","280","300","1","","Active","'9242000015559","EAN13",""
"Phenyle Jasmen ","cosmetics","280","300","4","","Active","'9242000015573","EAN13",""
"Goodbye Phenyle ","cosmetics","210","250","10","","Active","'4512121781004","EAN13",""
"kILLING gEL ","cosmetics","150","250","4","","Active","'4555787879913","EAN13",""
"multipurpose","Crokory","180","250","2","","Active","'6267511205131","EAN13",""
"storm ","Crokory","450","600","0","","Active","'6269711007294","EAN13",""
"candy","Crokory","800","1200","1","","Active","'6261686802171","EAN13",""
"dayana ","Crokory","200","300","23","","Active","'6262597805343","EAN13",""
"galaxy","Crokory","300","400","11","","Active","'6261686508622","EAN13",""
"diamond ","Crokory","410","600","1","","Active","'8964000625712","EAN13",""
"canna","Crokory","410","600","2","","Active","'8964000625590","EAN13",""
"zb317 b","Crokory","410","600","0","","Active","'8964003450731","EAN13",""
"245","Crokory","410","600","1","","Active","'8964003450670","EAN13",""
"zb317","Crokory","410","600","0","","Active","'8964003450748","EAN13",""
"eh1028","Crokory","400","500","1","","Active","'8964003448066","EAN13",""
"nove ","Crokory","1000","1300","0","","Active","'8964000628041","EAN13",""
"eh1038","Crokory","1365","1700","0","","Active","'8964003947736","EAN13",""
"eh 1009","Crokory","1065","1300","0","","Active","'8964003947255","EAN13",""
"yzh 35","Crokory","1460","1700","0","","Active","'8964003945572","EAN13",""
"1009","Crokory","1365","1700","1","","Active","'8964003947514","EAN13",""
"limon","Crokory","600","700","0","","Active","'9215632100863","EAN13",""
"diamond mug ","Crokory","300","400","36","","Active","'8964000625576","EAN13",""
"modello","Crokory","350","400","19","","Active","'8964000622490","EAN13",""
"classy ","Crokory","350","400","28","","Active","'8964000623114","EAN13",""
"tip set ","Crokory","1500","1950","0","","Active","'5679870561635","EAN13",""
"np 9","Crokory","300","400","0","","Active","'6306744389345","EAN13",""
"np 17 ","Crokory","400","550","1","","Active","'4615912296494","EAN13",""
"np 20","Crokory","650","450","1","","Active","'2474998999253","EAN13",""
"king ","Crokory","300","350","0","","Active","'2426265073630","EAN13",""
"chan ","Crokory","180","250","0","","Active","'6935268000186","EAN13",""
"praipen ","Crokory","800","1300","2","","Active","'6182056425427","EAN13",""
"pretty neat 4","Crokory","500","750","0","","Active","'3789667778091","EAN13",""
"bol","Crokory","100","200","1","","Active","'7908227915417","EAN13",""
"thermos 2500","Crokory","1700","2500","1","","Active","'5968561317935","EAN13",""
"thermos","Crokory","700","1000","4","","Active","'3806147534623","EAN13",""
"crystal watter ","Crokory","950","1200","1","","Active","'5603859695066","EAN13",""
"kettle 2.5","Crokory","1850","2300","1","","Active","'8770251500179","EAN13",""
"kettle","Crokory","1700","2100","1","","Active","'095483265152","EAN13",""
"cutlery set ","Crokory","1200","1600","1","","Active","'9931851120672","EAN13",""
"glayol","Crokory","250","350","2","","Active","'6260412555121","EAN13",""
"nonsdisk spoon set ","Crokory","1700","220","1","","Active","'5074020888738","EAN13",""
"3063","Crokory","395","550","18","","Active","'8961104311596","EAN13",""
"3093","Crokory","490","700","5","","Active","'8961104311602","EAN13",""
"2080","Crokory","445","600","12","","Active","'8961104311640","EAN13",""
"print watter glass","Crokory","1000","1300","1","","Active","'8313933228826","EAN13",""
"fruit knife","Crokory","85","150","2","","Active","'6951227501570","EAN13",""
"5224","Crokory","560","600","0","","Active","'8961104311084","EAN13",""
"3101","Crokory","910","1200","7","","Active","'8964003949389","EAN13",""
"1002","Crokory","1120","1300","2","","Active","'8964003949150","EAN13",""
"1001","Crokory","400","500","5","","Active","'8964003949198","EAN13",""
"tida","Crokory","250","350","2","","Active","'6261210400491","EAN13",""
"tg1080","Crokory","1680","2200","2","","Active","'8961104312548","EAN13",""
"tg1080 gold","Crokory","1680","2200","11","","Active","'8961104312111","EAN13",""
"tg1080","Crokory","1680","2200","0","","Active","'8961104311985","EAN13",""
"mix beuw","Crokory","175","250","2","","Active","'8564824795655","EAN13",""
"sea blue ","Crokory","175","250","2","","Active","'8564824795235","EAN13",""
"jasmine ","Crokory","175","250","2","","Active","'8564824798427","EAN13",""
"aloe uera","Crokory","175","250","2","","Active","'8564824798427","EAN13",""
"lemon ","Crokory","175","250","0","","Active","'8564824798748","EAN13",""
"hand wash shea butter","Crokory","175","250","3","","Active","'8564824798144","EAN13",""
"water galan 30","Crokory","660","800","5","","Active","'8332125466945","EAN13",""
"water galan 20","Crokory","560","700","1","","Active","'2232002653252","EAN13",""
"mugaa ","Crokory","50","130","40","","Active","'6560177929923","EAN13",""
"levant ","Crokory","400","500","2","","Active","'7-pics-opal","CODE128",""
"tea mug 150","Crokory","80","150","86","","Active","'03219625577","EAN13",""
"mug clay ","Crokory","300","450","11","","Active","'7751741852528","EAN13",""
"mug clay ","Crokory","150","250","7","","Active","'7370811535385","EAN13",""
"keep lock 3","Crokory","450","600","6","","Active","'3605198897660","EAN13",""
"crown plate 9","Crokory","140","170","17","","Active","'8964000625408","EAN13",""
"crystal","Crokory","280","400","1","","Active","'8964000623268","EAN13",""
"pishtazan jar ","Crokory","250","300","29","","Active","'3584124171930","EAN13",""
"solo ","Crokory","6250","7500","6","","Active","'6260361083508","EAN13",""
"almas jar giass ware ","Crokory","300","470","2","","Active","'8730801984774","EAN13",""
"zb151","Crokory","480","600","0","","Active","'8961104312180","EAN13",""
"eh1003-4","Crokory","270","350","21","","Active","'8964003949259","EAN13",""
"fbh 1.74l ","Crokory","440","600","0","","Active","'8961104311152","EAN13",""
"sabh 1.74l","Crokory","440","600","2","","Active","'8961104311169","EAN13",""
"gbh 1.74l","Crokory","440","600","3","","Active","'8961104311176","EAN13",""
"jar glass black color 350","Crokory","230","350","3","","Active","'7175837844103","EAN13",""
"jar glass l 350","Crokory","210","350","17","","Active","'9149270037840","EAN13",""
"jar glass s 250","Crokory","170","250","12","","Active","'1109393651161","EAN13",""
"jar gless m 250","Crokory","190","250","0","","Active","'7266824131594","EAN13",""
"baby food ","Crokory","260","350","2","","Active","'6945510000680","EAN13",""
"stick hoohs 5","Crokory","300","450","6","","Active","'6949235482196","EAN13",""
"stick hooks 3","Crokory","220","250","4","","Active","'6949235482165","EAN13",""
"stick hooks 7","Crokory","400","600","3","","Active","'6949235482257","EAN13",""
"pars opal 710","Crokory","150","200","69","","Active","'6260572020710","CODE128",""
"pers opal 270","Crokory","1100","1400","6","","Active","'6260573003554","EAN13",""
"pars opal 270","Crokory","1050","1300","6","","Active","'6260573002458","EAN13",""
"paes opal 710","Crokory","110","130","71","","Active","'6260573003714","EAN13",""
"saachi","Crokory","230","250","0","","Active","'6260000236562","EAN13",""
"AIP ","Crokory","280","350","1","","Active","'11215226","CODE128",""
"WATER JUG 2.5","Crokory","280","500","9","","Active","'6403920535081","EAN13",""
"SHOWER BOTTLE","Crokory","120","200","7","","Active","'5933224310905","EAN13",""
"M,OPS WIPERS","Crokory","280","350","5","","Active","'8894553245801","EAN13",""
"SKY ","Crokory","240","350","0","","Active","'7083890453791","EAN13",""
"SKY ","Crokory","400","500","1","","Active","'6295712351043","EAN13",""
"KING JAG L","Crokory","400","600","7","","Active","'3342725737784","EAN13",""
"MUSTANG 2","Crokory","200","350","8","","Active","'3186104817878","EAN13",""
"SULTAN 2","Crokory","280","350","2","","Active","'8964003173807","EAN13",""
"WATER BTTLE 2","Crokory","400","500","7","","Active","'8964004334290","EAN13",""
"S 1 WATER BOTTLE ","Crokory","280","400","20","","Active","'8964003173760","EAN13",""
"S 3 WATER BOTTLE ","Crokory","280","350","6","","Active","'8964003173784","EAN13",""
"S 2 WATER BOTTLE","Crokory","380","500","9","","Active","'8964003173777","EAN13",""
"PRINT DAS L 350","Crokory","285","350","0","","Active","'6562481080710","EAN13",""
"PRINT DAS S 250","Crokory","220","250","4","","Active","'5935243047114","EAN13",""
"PRINT DAS M","Crokory","240","300","4","","Active","'5891236105592","EAN13",""
"print dastdin L 350","Crokory","265","350","4","","Active","'5871867741222","EAN13",""
"print water set","Crokory","480","600","3","","Active","'8467742527660","EAN13",""
"more glass ","Crokory","150","250","16","","Active","'6899413112868","EAN13",""
"rayal jar s","Crokory","120","150","1","","Active","'4577506136718","EAN13",""
"rayal jar m","Crokory","130","200","7","","Active","'3949111701093","EAN13",""
"rayal jar l","Crokory","150","250","18","","Active","'1508163941462","EAN13",""
"CRYSPAI JUG ","Crokory","550","700","5","","Active","'2005074359250","EAN13",""
"PUSH IT 45","Crokory","2300","2750","5","","Active","'6880297993728","EAN13",""
"PUSH IT 30","Crokory","1900","2450","12","","Active","'6377261546801","EAN13",""
"USA ME L","Crokory","570","700","0","","Active","'4480080972439","EAN13",""
"USE ME M","Crokory","450","600","2","","Active","'1573846237279","EAN13",""
"KING GOLE S","Crokory","465","650","6","","Active","'4819009391554","EAN13",""
"KING GOLE L","Crokory","850","1200","5","","Active","'8178920022692","EAN13",""
"KING CHORAS S","Crokory","450","700","2","","Active","'1772133706034","EAN13",""
"KING CHORAS M","Crokory","580","800","3","","Active","'9297210467889","EAN13",""
"king choris L","Crokory","920","1200","6","","Active","'8328615841675","EAN13",""
"shoes rack 4","Crokory","900","1300","3","","Active","'6867827804228","EAN13",""
"shoes rack 3","Crokory","800","1200","1","","Active","'5829978231965","EAN13",""
"lines 16","Crokory","525","700","12","","Active","'423471201903","EAN13",""
"lines 10","Crokory","325","500","4","","Active","'423471201101","EAN13",""
"mobail stand steel","Crokory","135","200","23","","Active","'7104453191537","EAN13",""
"al noor","Crokory","200","250","14","","Active","'AL NOOR PLASTIC","EAN13",""
"dynamic jars 2","Crokory","320","450","9","","Active","'2266511902501","EAN13",""
"su gold 8","Crokory","280","450","10","","Active","'6494183222504","EAN13",""
"spicy jar 6","Crokory","580","750","3","","Active","'7344973846146","EAN13",""
"dhai 3","Crokory","2000","2500","1","","Active","'5097268884294","EAN13",""
"dhai  5","Crokory","2600","3000","2","","Active","'2470913175870","EAN13",""
"jug crystal","Crokory","400","500","6","","Active","'4183844957801","EAN13",""
"corner rack 3","Crokory","580","750","1","","Active","'7880942640341","EAN13",""
"galaxy smart 7","Crokory","1850","2250","4","","Active","'2862558848033","EAN13",""
"galaxy smart 9","Crokory","2200","2500","0","","Active","'1311435682433","EAN13",""
"corner rack","Crokory","450","600","3","","Active","'9035681919120","EAN13",""
"1500","Crokory","1200","1500","3","","Active","'2020539061660","EAN13",""
"golbarg","Crokory","400","500","8","","Active","'1114831975525","EAN13",""
"santa","Crokory","240","350","4","","Active","'6260001160668","EAN13",""
"kaveh","Crokory","180","250","18","","Active","'6261686513633","EAN13",""
"baroque 3+1","Crokory","230","300","0","","Active","'6269711011789","EAN13",""
"glayol","Crokory","320","450","0","","Active","'6260412555022","EAN13",""
"200 kitchen","Crokory","120","200","63","","Active","'6584271515325","EAN13",""
"350 kitchen","Crokory","240","350","9","","Active","'5781191202095","EAN13",""
"key chain mirror","Crokory","300","450","28","","Active","'1979752009878","EAN13",""
"dollar kitchen","Crokory","170","250","80","","Active","'5820087392424","EAN13",""
"zga","Crokory","1520","1850","9","","Active","'7026404646319","EAN13",""
"cup stand","Crokory","230","300","6","","Active","'7610933359637","EAN13",""
"mobile stand 1 pce","Crokory","200","250","14","","Active","'4951192346765","EAN13",""
"mobile stind 2 pce 1","Crokory","300","450","9","","Active","'9370762659381","EAN13",""
"api dustbin","Crokory","230","350","23","","Active","'AHAD PLASTIC INDUSTRY GUJRANWALA","EAN13",""
"heritage 17","Crokory","8600","9500","0","","Active","'2658924007735","EAN13",""
"bursh 300","Crokory","210","300","3","","Active","'9104619430553","EAN13",""
"summer","Crokory","1500","1850","1","","Active","'5881123877831","EAN13",""
"vacuum cup","Crokory","1750","2200","1","","Active","'1977300885158","EAN13",""
"panasonic  17 pec","Crokory","8200","9200","1","","Active","'112259220174","EAN13",""
"dynasty gold","Crokory","6800","7450","2","","Active","'2984372469710","EAN13",""
"dynasty 4 pic","Crokory","6500","7200","1","","Active","'7674806258861","EAN13",""
"sa disn drainer 3","Crokory","2100","2450","2","","Active","'1024218120120","EAN13",""
"water cooler 12 ","Crokory","2400","2680","4","","Active","'1811678231899","EAN13",""
"king wood ","Crokory","1900","2190","7","","Active","'Insta:Kingwood4205","EAN13",""
"swan","Crokory","930","1080","14","","Active","'10106000868","EAN13",""
"flask","Crokory","1700","1980","6","","Active","'8020082800663","CODE128",""
"vacuum flask","Crokory","2250","2480","7","","Active","'802006140000553","EAN13",""
"belmonte","Crokory","1200","1450","11","","Active","'564811324675","EAN13",""
"fine ","Crokory","2000","2500","5","","Active","'3013651596232","EAN13",""
"frosta 6 liter","Crokory","2000","2400","17","","Active","'2764750640272","EAN13",""
"mingkai","Crokory","230","300","6","","Active","'6986574258211","EAN13",""
"kitchenware","Crokory","230","300","8","","Active","'7802932838200","EAN13",""
"straw","Crokory","200","250","4","","Active","'6926923404012","EAN13",""
"measuring cups","Crokory","210","250","1","","Active","'6945868520458","EAN13",""
"effectiveways","Crokory","130","250","9","","Active","'6939684008122","EAN13",""
"whisk","Crokory","850","1200","0","","Active","'7885719349366","EAN13",""
"vwersatile whisks","Crokory","1150","1500","2","","Active","'6917223368821","EAN13",""
"vagetable slicer","Crokory","170","250","1","","Active","'4631522233339","EAN13",""
"madani steel","Crokory","200","300","2","","Active","'9793301304663","EAN13",""
"egg mixer","Crokory","45","130","4","","Active","'6282372393308","EAN13",""
"non stick sauce pan","Crokory","490","700","10","","Active","'6119521444041","EAN13",""
"non stick sauce pan","Crokory","450","650","6","","Active","'4910145160971","EAN13",""
"non stick sauce pen","Crokory","530","750","0","","Active","'5336626239254","EAN13",""
"steel chaik","Crokory","490","700","4","","Active","'1301048144060","EAN13",""
"chaicpone","Crokory","110","150","3","","Active","'5025954009669","EAN13",""
"shawer","Crokory","80","130","17","","Active","'6160703529285","EAN13",""
"eotia","Crokory","350","500","4","","Active","'7570953696900","EAN13",""
"bubbles bath brush","Crokory","170","250","5","","Active","'4426318455589","EAN13",""
"hook 4","Crokory","210","300","0","","Active","'6930662099293","EAN13",""
"stainless steel","Crokory","120","150","1","","Active","'8419846123293","EAN13",""
"stainiess steel","Crokory","160","250","1","","Active","'6971432358301","EAN13",""
"simmer ring","Crokory","200","250","0","","Active","'4862741783385","EAN13",""
"chops ticks10","Crokory","250","350","4","","Active","'6971636698005","EAN13",""
"chops ticks","Crokory","150","250","0","","Active","'6972335410059","EAN13",""
"silicone spoon","Crokory","180","250","8","","Active","'2596798319748","EAN13",""
"multi peeler","Crokory","120","200","3","","Active","'6970607481110","EAN13",""
"nebo nature","Crokory","115","150","1","","Active","'8465012765507","EAN13",""
"trace soap box","Crokory","240","300","3","","Active","'6895682350031","EAN13",""
"jl fruit knife","Crokory","130","200","11","","Active","'6043531236283","EAN13",""
"madani","Crokory","80","130","5","","Active","'2704791489317","EAN13",""
"madani steel","Crokory","115","250","6","","Active","'2337130947089","EAN13",""
"chand","Crokory","110","150","11","","Active","'8397624006535","EAN13",""
"shlfa","Crokory","160","250","0","","Active","'6935007330291","EAN13",""
"kitchen series","Crokory","210","250","4","","Active","'6933480760307","EAN13",""
"chand brothers","Crokory","270","350","2","","Active","'3650042216654","EAN13",""
"steel table cutlery","Crokory","220","300","3","","Active","'62019102003","EAN13",""
"silicone products","Crokory","210","250","15","","Active","'6995565657780","EAN13",""
"kltchen tool","Crokory","210","250","1","","Active","'6971419978485","EAN13",""
"chi you","Crokory","270","350","2","","Active","'6815548484083","EAN13",""
"product 2","Crokory","140","250","8","","Active","'6969584762312","EAN13",""
"chand 2","Crokory","200","250","2","","Active","'1825770004640","EAN13",""
"gold shanda","Crokory","180","250","4","","Active","'8389075322296","EAN13",""
"rongxing","Crokory","95","130","10","","Active","'6931443901873","EAN13",""
"hook 9","Crokory","380","600","4","","Active","'7801488432528","EAN13",""
"knife sharpener","Crokory","160","250","0","","Active","'6958523657468","EAN13",""
"sp998","Crokory","100","150","9","","Active","'6962659858972","EAN13",""
"sj5630","Crokory","120","200","1","","Active","'6974083834606","EAN13",""
"sm7118","Crokory","180","250","4","","Active","'6974083831438","EAN13",""
"fruit knife","Crokory","100","150","5","","Active","'6974083830929","EAN13",""
"health pumice stone","Crokory","145","250","3","","Active","'6985789587178","EAN13",""
"pedicure paddle","Crokory","105","130","0","","Active","'9123452253709","EAN13",""
"tip bucket","Crokory","220","250","17","","Active","'6555693036941","EAN13",""
"200 dysbent","Crokory","130","200","6","","Active","'8511132738454","EAN13",""
"ittehad","Crokory","300","350","0","","Active","'9248200102211","EAN13",""
"thokara","Crokory","240","300","17","","Active","'7688510260744","EAN13",""
"jar nova 300","Crokory","230","300","26","","Active","'7619203731616","EAN13",""
"kitchan king","Crokory","330","450","0","","Active","'8305756180573","EAN13",""
"mini vacuum","Crokory","1250","1500","13","","Active","'8417050583865","EAN13",""
"usb fan ","Crokory","290","400","3","","Active","'6933568925215","EAN13",""
"lakadi chammach set","Crokory","120","250","4","","Active","'5268774276839","EAN13",""
"stlcky hook ","Crokory","110","130","0","","Active","'6933078850595","EAN13",""
"stlcky hook","Crokory","130","200","0","","Active","'6933078850564","EAN13",""
"hook ","Crokory","220","250","0","","Active","'6900002404018","EAN13",""
"hook ","Crokory","220","300","0","","Active","'4541234534252","EAN13",""
"lazuil 25-401","Crokory","500","700","3","","Active","'8964004636424","EAN13",""
"lazuil 30-132","Crokory","515","600","0","","Active","'8964004636691","EAN13",""
"lazuil 28-122","Crokory","515","600","2","","Active","'8964004636905","EAN13",""
"carol jug ","Crokory","360","500","6","","Active","'8964002212545","EAN13",""
"lazuli 35-210","Crokory","150","250","0","","Active","'8964004636196","EAN13",""
"lazuli 28-136","Crokory","515","600","2","","Active","'8964004636370","EAN13",""
"ghani glass","Crokory","340","400","2","","Active","'8964004007637","EAN13",""
"lazuil 29-135","Crokory","515","600","0","","Active","'8964004636721","EAN13",""
"dg mug ","Crokory","420","600","8","","Active","'6261686505461","EAN13",""
"lazuli 05-601","Crokory","90","130","13","","Active","'8964004007798","EAN13",""
"pearl coffee mug","Crokory","425","600","0","","Active","'8176697415143","EAN13",""
"vital star ","Crokory","800","1200","8","","Active","'8749241897988","EAN13",""
"king fruit set ","Crokory","1230","1500","0","","Active","'8964002781454","EAN13",""
"lazuli 30-130","Crokory","515","600","1","","Active","'8964004636363","EAN13",""
"lazuli 450 ml ","Crokory","200","250","0","","Active","'8964004636929","EAN13",""
"gemware fruit sety","Crokory","850","1200","1","","Active","'8964000625330","EAN13",""
"lazuli fruit set ","Crokory","980","1200","2","","Active","'8964004636127","EAN13",""
"lazuli water set ","Crokory","1250","1500","0","","Active","'8964004007576","EAN13",""
"lazuli 6 pic bowl","Crokory","1630","2200","3","","Active","'8964004636288","EAN13",""
"max cake set ","Crokory","950","1200","6","","Active","'2024220133650","EAN13",""
"orient tumbler 300 ml","Crokory","500","600","3","","Active","'7674765009610","EAN13",""
"tumlr 1200 ml","Crokory","1500","1850","1","","Active","'7800935370376","EAN13",""
"VACUUM CUP 1000 ML ","cosmetics","665","800","9","","Active","'6913731670890","EAN13",""
"VACUUM CUP 800 ML ","cosmetics","565","700","10","","Active","'692345065618","EAN13",""
"perfumed phenyle ","cosmetics","240","300","6","","Active","'4555787871351","EAN13",""
"leman bleach 500 ml","cosmetics","160","200","2","","Active","'4333098716994","EAN13",""
"active bleach 500 ml","cosmetics","150","200","4","","Active","'4333098716987","EAN13",""
"power blue 150 ml","cosmetics","90","130","6","","Active","'4533367786011","EAN13",""
"insect killer powder","cosmetics","110","130","7","","Active","'4568787879807","EAN13",""
"sweep 700 ml","cosmetics","180","250","4","","Active","'4533362781004","EAN13",""
"drain opener 550 ml","cosmetics","180","250","6","","Active","'4548787878895","EAN13",""
"ultra actlve 250 ml","cosmetics","180","250","0","","Active","'4844444444428","EAN13",""
"glass cleaner 1+1","cosmetics","320","500","7","","Active","'4555787871399","EAN13",""
"standard phenyle 2.75","cosmetics","210","250","4","","Active","'4512121781004","EAN13",""
"solar wiper ","Crokory","1800","2500","1","","Active","'1304710599014","EAN13",""
"wipar large","Crokory","230","300","11","","Active","'6879629604210","EAN13",""
"50 lasi chamch","Crokory","20","50","20","","Active","'9739600882426","EAN13",""
"thari pes piyaz stind","Crokory","1250","1500","0","","Active","'6891977197961","EAN13",""
"taar stind ","Crokory","200","250","4","","Active","'717534543056","UPC",""
"stel stand","Crokory","300","350","3","","Active","'8189171463479","EAN13",""
"toyo48","Crokory","920","1200","0","","Active","'7497722851295","EAN13",""
"piastic water set","Crokory","480","600","0","","Active","'4560596529966","EAN13",""
"gula lambi","Crokory","32","70","54","","Active","'8437455725158","EAN13",""
"gula gol ","Crokory","40","130","32","","Active","'5401150574062","EAN13",""
"paes opal tea set ","Crokory","1650","2200","5","","Active","'6260573000904","EAN13",""
"sarina ","Crokory","370","500","5","","Active","'6260412508233","EAN13",""
"pors opal 210","Crokory","250","300","24","","Active","'6260573000867","EAN13",""
"pars opal 230","Crokory","267","300","18","","Active","'6260573000843","EAN13",""
"niloufar dessert plate","Crokory","130","200","14","","Active","'6260412505171","EAN13",""
"pars opal 720","Crokory","150","200","15","","Active","'6260573005190","EAN13",""
"pars opal 195","Crokory","184","250","12","","Active","'6260573004773","EAN13",""
"pars opal 1040","Crokory","900","1100","10","","Active","'6260573001284","EAN13",""
"pars opal 1010","Crokory","650","750","11","","Active","'6260573002526","EAN13",""
"pars opal 330","Crokory","850","1100","12","","Active","'6260573000850","EAN13",""
"royal touch","Crokory","230","300","3","","Active","'470826498105","UPC",""
"silky mug ","Crokory","300","400","0","","Active","'8964000252369","EAN13",""
"fiesta ","Crokory","350","400","0","","Active","'8964000254226","EAN13",""
"food container small","Crokory","250","300","9","","Active","'8964002547807","EAN13",""
"fresh small","Crokory","180","250","58","","Active","'8964002547296","EAN13",""
"handy container ","Crokory","180","250","25","","Active","'8964002547142","EAN13",""
"fresh medium","Crokory","350","500","48","","Active","'8964002547302","EAN13",""
"fresh large","Crokory","400","600","0","","Active","'8964002547319","EAN13",""
"cafee medium","Crokory","220","300","22","","Active","'8964002547784","EAN13",""
"animals","Crokory","150","250","0","","Active","'8529576164524","EAN13",""
"usb fan","Crokory","450","500","0","","Active","'8633568925281","EAN13",""
"wet set","Crokory","1000","1500","1","","Active","'6941057402383","EAN13",""
"galaxy","Crokory","200","300","2","","Active","'9520147953317","EAN13",""
"prime 5 pice","Crokory","180","250","42","","Active","'1957788793121","EAN13",""
"easyhang 6 pice","Crokory","170","250","59","","Active","'7784063312869","EAN13",""
"prime 6 pice ","Crokory","260","350","23","","Active","'7434614258152","EAN13",""
"HANJER 400","Crokory","385","400","20","","Active","'3710069128085","EAN13",""
"steel belcha","Crokory","180","250","19","","Active","'1571332295222","EAN13",""
"hanger steel ","Crokory","205","250","27","","Active","'8638229251907","EAN13",""
"mosi wiper","Crokory","170","250","15","","Active","'3126733363391","EAN13",""
"mini glass wepr","Crokory","80","130","2","","Active","'7068401100487","EAN13",""
"cloth clip large","Crokory","140","250","49","","Active","'705632760154","UPC",""
"cloth clip small","Crokory","96","130","30","","Active","'705632760291","UPC",""
"shovel brush","Crokory","205","250","5","","Active","'5396541957534","EAN13",""
"box washroom brush ","Crokory","220","300","11","","Active","'6975750934131","EAN13",""
"cloth hanger smell","Crokory","295","350","20","","Active","'705632760420","EAN13",""
"washroom brush large steel","Crokory","170","250","7","","Active","'1683138683858","EAN13",""
"condi large","Crokory","450","600","1","","Active","'9779717801286","EAN13",""
"condi medium","Crokory","320","399.99","0","","Active","'3781652381583","EAN13",""
"condi small","Crokory","210","250","0","","Active","'5266145103197","EAN13",""
"lazuli 302","Crokory","400","500","0","","Active","'8964004007378","EAN13",""
"handle brush","Crokory","70","130","36","","Active","'5471659996184","EAN13",""
"cloth hanger large","Crokory","415","450","18","","Active","'705632760437","UPC",""
"bursh large","Crokory","430","600","9","","Active","'1708584158887","EAN13",""
"washroom brush","Crokory","115","150","19","","Active","'4153773433998","EAN13",""
"barcelona tea cup","Crokory","300","400","0","","Active","'www.tariqglass.com","EAN13",""
"twist mug ","Crokory","300","400","0","","Active","'8964000623299","EAN13",""
"orbit glass","Crokory","350","400","1","","Active","'8964000252215","EAN13",""
"kale glass","Crokory","350","400","6","","Active","'8964000625354","EAN13",""
"glass mirror 650","Crokory","450","600","5","","Active","'9790729087864","EAN13",""
"50 birthday item ","stationery ","30","50","415","","Active","'8615109285450","EAN13",""
"trlo erasers 20 pes","stationery ","80","130","0","","Active","'8964000537145","EAN13",""
"tage ","cosmetics","110","130","15","","Active","'6263414003645","EAN13",""
"huerray 3 pes","stationery ","100","130","1","","Active","'8964000153178","EAN13",""
"ujala plastic 2 pes","Crokory","100","150","15","","Active","'7679718323454","EAN13",""
"plastic bowl set ","Crokory","200","250","19","","Active","'4954870595967","EAN13",""
"baby potty chair ","Crokory","220","300","0","","Active","'329663110018","EAN13",""
"splash 4 pes ","Crokory","680","1100","4","","Active","'7581880887729","EAN13",""
"prince ware dpi","Crokory","300","350","0","","Active","'1846049945266","EAN13",""
"classic dzibben s","Crokory","265","300","0","","Active","'7593946173738","EAN13",""
"classic dzibben l","Crokory","305","350","0","","Active","'4069305624201","EAN13",""
"bartan tokara churas","Crokory","250","300","0","","Active","'8961563072687","EAN13",""
"balti 12 lt","Crokory","250","350","3","","Active","'8713049501569","EAN13",""
"sunner asia shiar","Crokory","700","900","0","","Active","'8118636688119","EAN13",""
"study table 1","Crokory","570","700","1","","Active","'2547859658528","EAN13",""
"ania 4 pes ","Crokory","480","650","0","","Active","'6260318259963","EAN13",""
"santa xl 250","Crokory","210","250","0","","Active","'6260000757098","EAN13",""
"santa xxl 300","Crokory","240","300","0","","Active","'6260000757081","EAN13",""
"clean safe 5 pes","Crokory","490","750","2","","Active","'6269711014643","EAN13",""
"hermes ","Crokory","90","130","30","","Active","'6269711013608","EAN13",""
"santa 3 pes","Crokory","190","250","12","","Active","'6260005123072","EAN13",""
"baroque 2 pes ","Crokory","155","250","4","","Active","'6269711011796","EAN13",""
"dg glass mug","Crokory","65","130","22","","Active","'6261686501920","EAN13",""
"paliz glass 5022","Crokory","600","750","0","","Active","'6260000680389","EAN13",""
"morvarid rice plate","Crokory","115","130","35","","Active","'6262597805152","EAN13",""
"pg persian  ","Crokory","860","1100","4","","Active","'6260140804867","EAN13",""
"Delta soft pack pink ","cosmetics","110","130","21","","Active","'7353874775707","EAN13",""
"Softy tissues white ","cosmetics","210","250","21","","Active","'00345136376609","EAN13",""
"Kitchen Roll ","cosmetics","185","250","7","","Active","'2730022584285","EAN13",""
"STUDY TABLE 400","Crokory","280","400","0","","Active","'4217906708701","EAN13",""
"POCHA 300","Crokory","230","300","3","","Active","'4009240763597","EAN13",""
"VAPOR BIG 300","Crokory","250","300","0","","Active","'2570949459965","EAN13",""
"CAMELIA PLAIN TUMBLERT ","Crokory","350","400","3","","Active","'8964000624890","EAN13",""
"CRYSTAL DIAMOND 4","Crokory","350","400","2","","Active","'8964000624029","EAN13",""
"CRYSTAL RAINBOW 3","Crokory","350","400","0","","Active","'8964000624050","EAN13",""
"CRYSTAL JEWEL 2","Crokory","350","400","0","","Active","'8964000624036","EAN13",""
"CRYSTAL TUX 1","Crokory","350","400","16","","Active","'8964000624067","EAN13",""
"NATURAL COFFEE MUG ","Crokory","300","400","9","","Active","'WWW.TARIQGLASS.COM","CODE128",""
"WATER GALLON 10 LT","Crokory","280","400","0","","Active","'9886597568083","EAN13",""
"WATER GALLON 15 LT","Crokory","360","450","0","","Active","'5568129459598","EAN13",""
"250 dastar khwan irANIAN","Crokory","150","250","21","","Active","'3651001584777","EAN13",""
"130 dastar khwan","Crokory","100","130","13","","Active","'1255226773514","EAN13",""
"toyo kool 28","Crokory","700","850","1","","Active","'2502145064476","EAN13",""
"toyo kool 57","Crokory","1150","1400","0","","Active","'6442241718780","EAN13",""
"toyo kool 82","Crokory","1650","2000","1","","Active","'1860521051689","EAN13",""
"table sheet silver","Crokory","180","250","22","","Active","'4838601766942","EAN13",""
"kapra 2 pes dasdarkan","Crokory","100","130","45","","Active","'4859386045121","EAN13",""
"grapes star 12 pes","Crokory","850","1200","1","","Active","'2025220034794","EAN13",""
"jug rirani","Crokory","350","500","3","","Active","'7293162071626","EAN13",""
"glass mug ","Crokory","100","130","0","","Active","'7428860234213","EAN13",""
"70 jewellry","Crokory","40","70","23","","Active","'8366668356425","EAN13",""
"glass 1","Crokory","400","500","2","","Active","'1203795189489","EAN13",""
"glass","Crokory","450","600","1","","Active","'6269711014179","EAN13",""
"arona tumbler 300 ml","Crokory","470","600","0","","Active","'2025220120039","EAN13",""
"aqua glass","Crokory","100","130","4","","Active","'6261210411152","EAN13",""
"lush tea cup","Crokory","400","600","0","","Active","'7713436478000","EAN13",""
"plain cofee mug print","Crokory","400","600","0","","Active","'2023220133387","EAN13",""
"plan coffee mug ","","400","600","1","","Active","'2023220133387","EAN13",""
"lazuli 308c 180 ml","Crokory","400","600","1","","Active","'8964004636608","EAN13",""
"lazuli 201 180ml","Crokory","400","600","0","","Active","'8964004007293","EAN13",""
"lazuli 313a 240 ml","Crokory","460","600","2","","Active","'8964004636035","EAN13",""
"lazuli 202 180 ml","Crokory","400","600","1","","Active","'8964004007316","EAN13",""
"silky plate 9 inches","Crokory","140","170","12","","Active","'8964000252628","EAN13",""
"diamond madium bowl","Crokory","130","200","0","","Active","'3982533780857","EAN13",""
"minoo bowl 600","Crokory","450","600","8","","Active","'6960850598703","EAN13",""
"quarter plate simple small","Crokory","90","130","58","","Active","'4854757630647","EAN13",""
"florance dish large","Crokory","330","400","24","","Active","'8964000624975","EAN13",""
"arabian dish medium","Crokory","250","300","3","","Active","'8964000624715","EAN13",""
"leon 1 pes","Crokory","80","130","1","","Active","'6262597815427","EAN13",""
"tina 3 pes","Crokory","2000","3000","1","","Active","'6260412507977","EAN13",""
"persla pan","Crokory","180","250","7","","Active","'6261686802140","EAN13",""
"santa medium","Crokory","160","200","0","","Active","'6260002542715","EAN13",""
"model romance 250","Crokory","180","250","0","","Active","'30270408","CODE128",""
"fish dish 250","Crokory","200","250","2","","Active","'4050694355159","EAN13",""
"fish model 6410","Crokory","180","250","0","","Active","'6260361018111","EAN13",""
"silky plate 7 inches","Crokory","100","135","18","","Active","'8964000252598","EAN13",""
"kayo ","Crokory","250","350","0","","Active","'6262597804162","EAN13",""
"fiesta fruit set 7 pes","Crokory","550","800","8","","Active","'8964000625446","EAN13",""
"royal jug","Crokory","450","700","0","","Active","'4902376882098","EAN13",""
"MOno dish ","Crokory","450","800","13","","Active","'6260361061797","EAN13",""
"Pink plate ","Crokory","100","130","98","","Active","'SC-392688","CODE128",""
"Irani bowl large ","Crokory","500","700","15","","Active","'8788066009374","EAN13",""
"Irani bowll sada medium ","Crokory","350","500","3","","Active","'7726855656195","EAN13",""
"Toronto dish ","Crokory","800","1000","2","","Active","'6260412507793","EAN13",""
"PG Tray ","Crokory","250","300","7","","Active","'6260140804683","EAN13",""
"Mayes 3pc ","Crokory","1500","2000","0","","Active","'6260412507946","EAN13",""
"Razahi Tray ","Crokory","600","800","8","","Active","'SC-773827","CODE128",""
"selena bol","Crokory","180","250","7","","Active","'6260000787729","EAN13",""
"Mini kadu kash ","Crokory","50","70","29","","Active","'SC-187915","CODE128",""
"Nail polish ","Crokory","30","70","92","","Active","'8435102542066","EAN13",""
"Victor Jam ","Crokory","750","850","2","","Active","'6269711000912","EAN13",""
"Kaichar 50","Crokory","25","50","271","","Active","'470587540013","UPC",""
"Irani dry fruit tray ","Crokory","160","250","12","","Active","'118217703222","UPC",""
"New zealand cup 9040","Crokory","400","600","2","","Active","'6262597811320","EAN13",""
"Crown jam ","Crokory","600","780","6","","Active","'6295673612528","EAN13",""
"Irani morvarid salan plate ","Crokory","100","130","24","","Active","'6262597805213","EAN13",""
"Fish payali ","Crokory","350","500","7","","Active","'6261686505584","EAN13",""
"PG payali ","Crokory","400","500","0","","Active","'6260140803075","EAN13",""
"Ghani brown payali ","Crokory","300","400","0","","Active","'8964003301392","EAN13",""
"Attla plate ","Crokory","300","390","1","","Active","'6269711008024","EAN13",""
"Helen plate ","Crokory","300","390","4","","Active","'6269711003074","EAN13",""
"Irani  ice cream jam ","Crokory","700","780","3","","Active","'6269711006853","EAN13",""
"Corallo ","Crokory","100","130","35","","Active","'6261686511714","EAN13",""
"Lazuli JUg 810","Crokory","350","500","0","","Active","'8964004636011","EAN13",""
"Appolo water set ","Crokory","900","1000","1","","Active","'8964002212491","EAN13",""
"Lazuli cup 306","Crokory","500","600","2","","Active","'8964004636110","EAN13",""
"Irani jam ","Crokory","650","780","0","","Active","'6269711007195","EAN13",""
"Lazuli payali ","Crokory","350","500","7","","Active","'8964004007811","EAN13",""
"Irani choras payali ","Crokory","50","70","23","","Active","'6260107762407","EAN13",""
"Calvin zam zam glass ","Crokory","300","390","0","","Active","'6269711011949","EAN13",""
"Irani jam ","Crokory","100","130","31","","Active","'1902739893719","EAN13",""
"3pc glass 130","Crokory","100","130","9","","Active","'6269711002305","EAN13",""
"Deli candy pot ","Crokory","170","250","10","","Active","'8964003448936","EAN13",""
"Best gold candy pot ","Crokory","180","250","12","","Active","'30270408","CODE128",""
"Juice mug ","Crokory","200","250","0","","Active","'2692629873707","EAN13",""
"Leo bowl ","Crokory","240","300","1","","Active","'6261686508592","EAN13",""
"Ananas bowl ","Crokory","280","350","5","","Active","'6260361040976","EAN13",""
"Fish bowl ","Crokory","280","350","28","","Active","'6260361040730","EAN13",""
"Rosa JUg ","Crokory","400","600","8","","Active","'6260002616836","EAN13",""
"Ghani cup 157","Crokory","270","350","16","","Active","'8964004007194","EAN13",""
"Irani jar riyal ","Crokory","60","130","25","","Active","'6811736389048","EAN13",""
"Marbal plate 195O","Crokory","180","250","14","","Active","'6260573004315","EAN13",""
"Marbal plate  195T ","Crokory","184","250","20","","Active","'6260573000782","EAN13",""
"Marbal plate 225V ","Crokory","208","250","15","","Active","'6260573002502","EAN13",""
"Marble plate model 250T","Crokory","200","250","8","","Active","'6260573000829","EAN13",""
"Marbal plate model 250o","Crokory","250","300","22","","Active","'6260573004377","EAN13",""
"Marbal plate model 250v","Crokory","217","250","31","","Active","'6260573002472","EAN13",""
"Persia Plate ","Crokory","100","130","29","","Active","'6262597805091","EAN13",""
"Marbal plate model  290","Crokory","250","300","24","","Active","'6260573000621","EAN13",""
"Marbal Payali ","Crokory","130","150","47","","Active","'6260573001437","EAN13",""
"Marbal cup","Crokory","1000","1300","1","","Active","'6260573002441","EAN13",""
"Marbal namak dani ","Crokory","220","250","13","","Active","'6394559850631","EAN13",""
"Marbal paras opal ","Crokory","200","250","8","","Active","'6260573004636","EAN13",""
"Irani jar blue small ","Crokory","130","200","59","","Active","'5340853995692","EAN13",""
"pars opal model 750","Crokory","600","750","4","","Active","'6260573003769","EAN13",""
"tea spoon small 6pes","Crokory","200","250","35","","Active","'2482560733372","EAN13",""
"jar 1 pas","Crokory","170","250","64","","Active","'2650309134449","EAN13",""
"corallo 6 pes","Crokory","180","250","1","","Active","'6261686509056","EAN13",""
"aban 3 pas pink","Crokory","450","500","0","","Active","'6260140800982","EAN13",""
"aban 3 pas blue","Crokory","410","650","55","","Active","'6261686802010","EAN13",""
"baral 2 pes","Crokory","230","250","13","","Active","'97832553","CODE128",""
"grace basket","Crokory","250","300","101","","Active","'8964000640739","EAN13",""
"130 real plastic","Crokory","90","130","308","","Active","'6502154326417","EAN13",""
"trend food container medium","Crokory","300","400","3","","Active","'8964002547814","EAN13",""
"handle basket iranian","Crokory","240","300","10","","Active","'5210020","EAN13",""
"200 plastic","Crokory","130","200","57","","Active","'1234567890128","EAN13",""
"mayo bottle 600 ml","Crokory","130","200","39","","Active","'8964000639818","EAN13",""
"fruit plate","Crokory","100","250","5","","Active","'6957347122121","EAN13",""
"premio hangers size 15","Crokory","280","350","8","","Active","'8964000639672","EAN13",""
"stampo pressa","Crokory","180","250","1","","Active","'3334120155812","EAN13",""
"microwave tray","Crokory","180","250","1","","Active","'8852080046469","EAN13",""
"cafee food keepeer small","Crokory","130","150","15","","Active","'8964002547777","EAN13",""
"cafee food keeper 1000 ml","Crokory","280","350","26","","Active","'8964002547791","EAN13",""
"cafee food keeger large","Crokory","400","500","9","","Active","'8964002546169","EAN13",""
"bol 3 pes","Crokory","550","750","1","","Active","'2489463384779","EAN13",""
"bol 2 pes","Crokory","300","400","3","","Active","'4273459050124","EAN13",""
"saga plate 2 pic","Crokory","180","250","2","","Active","'8964002545230","EAN13",""
"Medora Riyal ","Crokory","80","130","39","","Active","'3903412670571","EAN13",""
"Dollar item 250","Crokory","180","250","160","","Active","'2735411537811","EAN13",""
"Ballan Patra ","Crokory","150","250","1","","Active","'2085365752724","EAN13",""
"Feedar","JEWELRY ","100","130","1","","Active","'6970335169700","EAN13",""
"Shower bottle ","Crokory","170","250","1","","Active","'8964000640708","EAN13",""
"Glow Muga ","Crokory","150","250","0","","Active","'8964002545834","EAN13",""
"Bowal set 350","Crokory","250","350","5","","Active","'4832886156870","EAN13",""
"Bowal set ","Crokory","250","350","20","","Active","'4832886156870","EAN13",""
"Glow mug ","Crokory","100","150","1","","Active","'8964002546459","EAN13",""
"Irano 5pc box ","Crokory","800","950","1","","Active","'6338895888736","EAN13",""
"Irani 3pc box ","Crokory","500","650","1","","Active","'4610157515935","EAN13",""
"irani 4pc box ","Crokory","600","750","0","","Active","'4472191949233","EAN13",""
"Irani 3pc box","Crokory","1000","1200","0","","Active","'8281080836891","EAN13",""
"Eagle hot pot set ","Crokory","1450","2000","0","","Active","'3827527842466","EAN13",""
"Royal dish ","Crokory","800","1000","0","","Active","'6260361080873","EAN13",""
"Irani jar nella cap","Crokory","230","300","18","","Active","'9575976943381","EAN13",""
"Steel fries chan large","Crokory","800","1000","0","","Active","'8770930356837","EAN13",""
"Steel fries chan xxL ]","Crokory","1000","1200","0","","Active","'8287716828520","EAN13",""
"Tray choras ","Crokory","150","250","45","","Active","'1075547726736","EAN13",""
"Steel butterfly ","Crokory","150","250","53","","Active","'8094431776353","EAN13",""
"Steel fries chan medium 22cm ","Crokory","1000","1300","4","","Active","'4459438229426","EAN13",""
"Appolo tokri ","Crokory","170","250","85","","Active","'8964002547432","EAN13",""
"Steel Fries chan 20cm","Crokory","1000","1200","4","","Active","'6647308139113","EAN13",""
"Meezan bowl 1pc ","Crokory","80","130","37","","Active","'5200100002101","EAN13",""
"Steel chan large ","Crokory","800","1000","1","","Active","'4238714701951","EAN13",""
"Steel chan medium ","Crokory","600","800","5","","Active","'8115884155165","EAN13",""
"Steel chan small","Crokory","500","700","1","","Active","'3935596669843","EAN13",""
"Redapple fruit set ","Crokory","800","1200","2","","Active","'8068686200185","EAN13",""
"Pardis small","Crokory","550","700","5","","Active","'6260412507779","EAN13",""
"LIlium","Crokory","250","350","6","","Active","'6262597809594","EAN13",""
"Knife ","Crokory","100","150","0","","Active","'5848723474327","EAN13",""
"Lisa mori ","Crokory","800","1000","6","","Active","'9005350123127","EAN13",""
"Grape cup pirich ","Crokory","800","1000","4","","Active","'8964002212811","EAN13",""
"Lazuli water set ","","1150","1500","0","","Active","'8964004007552","EAN13",""
"Jurin art ","Crokory","350","500","1","","Active","'6261686802225","EAN13",""
"Oslo bottle ","Crokory","350","500","6","","Active","'6261686803529","EAN13",""
"Lazuli glass","Crokory","530","600","0","","Active","'8964004636516","EAN13",""
"Lazuli mini bowl ","Crokory","400","500","0","","Active","'8964004007828","EAN13",""
"Pan pizza ","Crokory","180","250","28","","Active","'6260107762407","EAN13",""
"Lazuli bowl set ","Crokory","800","1000","3","","Active","'8964004007859","EAN13",""
"Sensodyne tooth past ","Crokory","100","130","8","","Active","'9200475720309","EAN13",""
"parma Large ","Crokory","600","800","6","","Active","'4946651629459","EAN13",""
"Parma medium ","Crokory","500","700","3","","Active","'1794382718989","EAN13",""
"Lazuli Bowl set 7pc","Crokory","1200","1500","1","","Active","'8964004007910","EAN13",""
"Parma bowl small","Crokory","350","500","3","","Active","'8609531911223","EAN13",""
"Cake set 7pc","Crokory","700","1000","4","","Active","'9047067501157","EAN13",""
"Victoria tray ","Crokory","600","800","119","","Active","'6260412501029","EAN13",""
"Pixel bowl ","Crokory","350","500","0","","Active","'7740307231389","EAN13",""
"Diamond rice dish ","Crokory","350","500","25","","Active","'6260361017992","EAN13",""
"Snoopy glass stand ","Crokory","240","300","9","","Active","'8964000639993","EAN13",""
"Tulip spoon holder ","Crokory","220","250","24","","Active","'8964000640043","EAN13",""
"Cup pirich ","Crokory","800","900","27","","Active","'4511632431590","EAN13",""
"Diamond medium bowl ","Crokory","130","200","1","","Active","'3094676647123","EAN13",""
"Lazuli bowl ","Crokory","400","500","9","","Active","'8964004007750","EAN13",""
"Diamond bowl large ","Crokory","300","500","23","","Active","'6260361056205","EAN13",""
"Solo bowl large ","Crokory","350","500","4","","Active","'6260361078252","EAN13",""
"Diamond small plate ","Crokory","90","130","83","","Active","'6260361055888","EAN13",""
"Pixel medium plate ","Crokory","150","200","29","","Active","'6260361079389","EAN13",""
"Diamond medium plate ","Crokory","130","200","3","","Active","'6260361055918","EAN13",""
"Solo medium plate ","Crokory","140","200","28","","Active","'6260361077835","EAN13",""
"Riwayat lunch carrier ","Crokory","1550","1850","3","","Active","'8964000638200","EAN13",""
"Bread cake Mould ","Crokory","400","550","0","","Active","'3271133010380","EAN13",""
"Diamond payali ","Crokory","80","130","145","","Active","'6260361056618","EAN13",""
"Heart cake mould large ","Crokory","450","600","5","","Active","'8934585583721","EAN13",""
"Pixel Payali ","Crokory","90","130","39","","Active","'6260361001250","EAN13",""
"Heart cake mould ","Crokory","350","500","4","","Active","'5685926414404","EAN13",""
"Solo bowl small ","Crokory","90","130","126","","Active","'6260361077576","EAN13",""
"Pizza mould small ","Crokory","350","500","6","","Active","'9073327534184","EAN13",""
"Pizza cake mould ","Crokory","450","600","0","","Active","'2753126555401","EAN13",""
"Cup cake Mould ","Crokory","280","400","8","","Active","'4342083033954","EAN13",""
"Thourmos 2Lt","Crokory","2000","2500","0","","Active","'6910000000488","EAN13",""
"Silicon set 13pc ","Crokory","4500","5000","1","","Active","'6625867889885","EAN13",""
"scenery 50","Decoration ","30","50","77","","Active","'1805749744401","EAN13",""
"Golden glass steel l","Crokory","700","800","7","","Active","'4521809497021","EAN13",""
"RAF mixer ","Crokory","1000","1300","2","","Active","'6971399033501","EAN13",""
"Nonstick set 15PC ","Crokory","10000","12000","0","","Active","'2083057923186","EAN13",""
"Golden dryfruit bowl large ","Crokory","2000","2500","4","","Active","'2130743795579","EAN13",""
"Golden dry fruit  bowl small ","Crokory","1400","1700","1","","Active","'1909707000117","EAN13",""
"Golden Dry fruit bowl ","Crokory","1800","2000","2","","Active","'6579393883391","EAN13",""
"Golden steel dustbin ","Crokory","1800","2200","1","","Active","'9088845812409","EAN13",""
"Scenery 130","Decoration ","80","130","98","","Active","'3762645235717","EAN13",""
"Golden jar small ","Crokory","500","700","10","","Active","'2349302787669","EAN13",""
"Golden jar large ","Crokory","1000","1200","6","","Active","'9003424326405","EAN13",""
"Golden jar flower small ","Crokory","700","900","8","","Active","'7334107058965","EAN13",""
"Golden jar flower large ","Crokory","1200","1800","2","","Active","'3817219724972","EAN13",""
"Golden tray steel ","Crokory","2000","2500","4","","Active","'8218604942585","EAN13",""
"Golden masala rack 7pc ","Crokory","4500","5500","0","","Active","'2420944188875","EAN13",""
"Washroom Mirror medium","Crokory","300","450","0","","Active","'6781250466856","EAN13",""
"Washroom mirror ","Crokory","380","500","2","","Active","'5502780914416","EAN13",""
"Pakora jali ","Crokory","400","600","0","","Active","'8560796932067","EAN13",""
"Fries jali ","Crokory","500","700","0","","Active","'6988268000182","EAN13",""
"Uranus ","Crokory","600","780","2","","Active","'6269711009830","EAN13",""
"Pardis bowl large ","Crokory","700","900","8","","Active","'6260412507373","EAN13",""
"Apple bowl ","Crokory","280","350","8","","Active","'6260361040839","EAN13",""
"Wave glass","Crokory","450","500","6","","Active","'8964000627464","EAN13",""
"Riyal garments 130","JEWELRY ","80","130","31","","Active","'4057167026547","EAN13",""
"IRani nan box ","Crokory","700","900","5","","Active","'6260105800118","EAN13",""
"Irani nan box ","Crokory","600","800","4","","Active","'6260105800156","EAN13",""
"Bouble bottle ","Crokory","250","300","79","","Active","'8964000639719","EAN13",""
"Crystal bottle ","Crokory","250","300","21","","Active","'8964000640548","EAN13",""
"Safari bottle ","Crokory","180","250","0","","Active","'8964000640685","EAN13",""
"Super bottle 4pc ","Crokory","380","500","10","","Active","'8964000639351","EAN13",""
"Crisper food container medium","Crokory","400","500","1","","Active","'8964000640975","EAN13",""
"Criper food container small","Crokory","290","400","3","","Active","'8964000640968","EAN13",""
"Crisper food container XL","Crokory","800","1200","0","","Active","'8964002547678","EAN13",""
"Crisper food container XXL","Crokory","370","500","18","","Active","'8964002547685","EAN13",""
"Platinum water bottle ","Crokory","250","300","107","","Active","'8964000640791","EAN13",""
"Jonti lunch box ","Crokory","150","250","45","","Active","'8964000638156","EAN13",""
"Bento lunch box ","Crokory","240","300","3","","Active","'8964000640678","EAN13",""
"Oval lunch box ","Crokory","180","250","13","","Active","'8964000639979","EAN13",""
"Mini lunch box ","Crokory","140","250","165","","Active","'8964000640012","EAN13",""
"Buny lunch box ","Crokory","240","300","20","","Active","'8964000639474","EAN13",""
"Appollo bottle 500Ml","Crokory","270","350","6","","Active","'8964000640784","EAN13",""
"Appollo bottle 1200ML","Crokory","460","600","4","","Active","'8964000640579","EAN13",""
"Appollo bottle 950","Crokory","420","500","14","","Active","'8964000640197","EAN13",""
"Appollo bottle goll 600ML","Crokory","360","450","4","","Active","'8964000640203","EAN13",""
"Appollo bottle 1200Ml","Crokory","460","600","8","","Active","'8964000640760","EAN13",""
"Appollo bottle 950Ml","Crokory","420","500","17","","Active","'8964000639795","EAN13",""
"Elena ","Crokory","350","500","3","","Active","'6261686506734","EAN13",""
"Appollo bottle 700ML","Crokory","360","450","18","","Active","'8964000638163","EAN13",""
"Parmis ","Crokory","230","300","57","","Active","'6261210413101","EAN13",""
"Lazuli cup 304","Crokory","400","600","0","","Active","'8964004007392","EAN13",""
"Auriga glass ","Crokory","470","600","1","","Active","'8964002212507","EAN13",""
"Arona glass ","Crokory","470","600","0","","Active","'8964002212514","EAN13",""
"Ghani cup 162","Crokory","280","400","2","","Active","'8964004007613","EAN13",""
"Express bottle 8057","Crokory","350","500","0","","Active","'6261686802553","EAN13",""
"Steel stand 2pc ","Crokory","1050","1200","1","","Active","'021587458965219","EAN13",""
"Steel stand 3pc","Crokory","1100","1300","7","","Active","'325485896587458","EAN13",""
"Steel stand 4pc","Crokory","1250","1500","0","","Active","'012547858745896","EAN13",""
"suoer cool jug 1.7 litter","Crokory","480","600","83","","Active","'8964000640845","EAN13",""
"dollar jewlery","JEWELRY ","180","250","13","","Active","'45879655879687","EAN13",""
"alpine coffee mug","Crokory","350","500","15","","Active","'95375147532483","EAN13",""
"gamin bol","Crokory","180","250","15","","Active","'45963983483641","EAN13",""
"clear lock 10liter","Crokory","770","900","5","","Active","'8964000640876","EAN13",""
"clear lock 5litter","Crokory","520","600","34","","Active","'8964000640852","EAN13",""
"clear lock 7 litter","Crokory","620","800","20","","Active","'8964000640869","EAN13",""
"shower head","Crokory","40","88","65","","Active","'268961763179","EAN13",""
"Kitchen rack","Crokory","2700","3500","0","","Active","'8964002547661","EAN13",""
"Fiji bin","Crokory","2200","2500","1","","Active","'8964002545551","EAN13",""
"APPOLLO JAR 24Lt","Crokory","1100","1400","4","","Active","'8964002546084","EAN13",""
"Appollo JAR 16LT","Crokory","900","1200","8","","Active","'8964000640661","EAN13",""
"Appollo jar 6Lt","Crokory","520","700","7","","Active","'8964000640227","EAN13",""
"APPOLLO JAR  10Lt","Crokory","720","900","6","","Active","'8964000640630","EAN13",""
"SWING BING ","Crokory","1200","1500","1","","Active","'8964002546442","EAN13",""
" Irani cooler 4LT ","Crokory","1000","1400","0","","Active","'01254785698542","EAN13",""
"Irani cooler 10 Lt ","Crokory","1800","2100","0","","Active","'012548598569854","EAN13",""
"Barkat MU","Crokory","190","250","57","","Active","'012545896587452","EAN13",""
"Steel Coular mug ","Crokory","190","250","62","","Active","'012545896582","EAN13",""
"Steel mug ","Crokory","145","200","85","","Active","'0125458965852","EAN13",""
"Janan Mug ","Crokory","380","500","34","","Active","'215254858965825","EAN13",""
"Super car ","TOYS ","800","1100","5","","Active","'25145859658745","EAN13",""
"Model car ","TOYS ","950","1400","4","","Active","'25145874589682 ","EAN13",""
"Concept racing car ","TOYS ","700","1000","5","","Active","'254125478589652","EAN13",""
"Electric car ","TOYS ","700","1000","3","","Active","'01254785965874","EAN13",""
" REmote control plane ","TOYS ","1100","1500","5","","Active","'21245859632587","EAN13",""
"Toys 350","TOYS ","250","350","6","","Active","'01254585963258","EAN13",""
"Makuep kit ]","cosmetics","250","350","1","","Active","'2125896325896","EAN13",""
"Stand car","TOYS ","1400","2000","3","","Active","'254125896585258","EAN13",""
"Toys 800","TOYS ","500","800","0","","Active","'896854785965258","EAN13",""
"Toys 500","TOYS ","400","500","2","","Active","'21548589658523","EAN13",""
"Toys 450","TOYS ","300","450","0","","Active","'215485985698","EAN13",""
"Toys 130","TOYS ","100","130","15","","Active","'258745896587452","EAN13",""
"Toys 150","TOYS ","100","150","4","","Active","'36587458965835","EAN13",""
"Toys 200","TOYS ","130","200","22","","Active","'02158589658257","EAN13",""
"Baby makeup kit ","cosmetics","1000","1500","3","","Active","'6772021042904","EAN13",""
"Dollar toys 250","TOYS ","170","250","27","","Active","'21548596585268","EAN13",""
"Kapra footboll ","TOYS ","250","350","3","","Active","'251478589658","EAN13",""
"Hair kaichar","JEWELRY ","140","200","3","","Active","'012563254125","EAN13",""
"Toys 700","TOYS ","400","700","1","","Active","'858965848596","EAN13",""
"Riyal jewellery  130","JEWELRY ","80","130","486","","Active","'012548574589","EAN13",""
"Vacuum bottle cup ","Crokory","800","900","0","","Active","'898789630158","EAN13",""
"Bottle thermos 550 ML","Crokory","900","1100","1","","Active","'521548598560","EAN13",""
"Bottle thermos 750 ml","Crokory","1000","1300","2","","Active","'215485874585","EAN13",""
"Vacuum bottle 800ml","Crokory","1100","1300","0","","Active","'1485624789546","CODE128",""
"Vacuum Bottle 600ml","Crokory","900","1100","2","","Active","'1478523698741","CODE128",""
"Garrafa Termos","Crokory","650","950","1","","Active","'8862009260173","CODE128",""
"Dollar Cosmetics","cosmetics","180","250","21","","Active","'1478523698521","CODE128",""
"Beer Pints Cup","Crokory","500","600","0","","Active","'7412589632547","CODE128",""
"Vacuum Kettle 1000ml","Crokory","1100","1500","4","","Active","'1478523654789","CODE128",""
"Vacuum Kettle 1500ml","Crokory","1500","2000","0","","Active","'1457896521324","CODE128",""
"Ameya Tumbler","Crokory","1200","1400","1","","Active","'840034299229","EAN13",""
"stainless Steel Tumbler","Crokory","1000","1200","5","","Active","'840034261134","EAN13",""
"Key chain","Crokory","60","130","197","","Active","'1835868785478 ","CODE128",""
"Make Up Tools","cosmetics","180","250","3","","Active","'1235868785456","CODE128",""
"silicon Brush ","cosmetics","230","250","1","","Active","'6953325306552","EAN13",""
"Brow Cutting Scissor","cosmetics","180","250","2","","Active","'8806176936882","EAN13",""
"Nail Trend ","cosmetics","180","250","3","","Active","'6912345250627","EAN13",""
"Toe Nails","cosmetics","100","130","1","","Active","'8955155800185","EAN13",""
"Color Nails","cosmetics","100","130","3","","Active","'8955155896966","CODE128",""
"Transparent Nails","cosmetics","100","130","2","","Active","'7894561236547","CODE128",""
"Hearings","JEWELRY ","30","100","36","","Active","'6301052215966","EAN13",""
"Happy Magic box","cosmetics","250","300","1","","Active","'6926641026800","EAN13",""
"Eye Shadow Pencil","cosmetics","80","130","18","","Active","'7895412369852","CODE128",""
"cosmetics pencil","cosmetics","30","50","14","","Active","'6900763361186","EAN13",""
"Pencil","cosmetics","40","70","3","","Active","'1879456125878","CODE128",""
"ring jewelry ","JEWELRY ","70","100","76","","Active","'7894561235980","CODE128",""
"Paper soap ","cosmetics","50","130","3","","Active","'6975345701230","CODE128",""
"Tumbler Mug plastic"," kitchan variety","300","500","0","","Active","'1234567595254","CODE128",""
"kitchen 130"," kitchan variety","90","130","37","","Active","'4586524895156","CODE128",""
"kitchen items 205"," kitchan variety","180","250","22","","Active","'021585965852","EAN13",""
"Spoon 12 pc "," kitchan variety","180","250","0","","Active","'023698545896","EAN13",""
"Steel spoon large "," kitchan variety","230","300","0","","Active","'012547859685","EAN13",""
"electric lighter "," kitchan variety","270","400","4","","Active","'8032402279007","EAN13",""
"Coffe btter "," kitchan variety","130","250","151","","Active","'6973010390161","EAN13",""
"cookies cutter"," kitchan variety","100","130","1","","Active","'6961798766322","EAN13",""
"Biskit mould "," kitchan variety","200","250","4","","Active","'6901514215727","EAN13",""
"Photato pellar "," kitchan variety","100","130","2","","Active","'6941883600106","EAN13",""
"Steel spoon "," kitchan variety","180","250","0","","Active","'085455154607","EAN13",""
"Scrubber"," kitchan variety","180","250","0","","Active","'6971432358547","EAN13",""
"Scrub "," kitchan variety","100","130","2","","Active","'1234567896687","EAN13",""
"Dove soap stand "," kitchan variety","100","200","86","","Active","'8964002545377","EAN13",""
"bathroom huk "," kitchan variety","180","250","0","","Active","'6925607818060","EAN13",""
"Permanent sharpness "," kitchan variety","180","250","2","","Active","'6944128600244","EAN13",""
"Silocon spoon "," kitchan variety","180","250","3","","Active","'2649411628120","EAN13",""
"2 pc sink strainer "," kitchan variety","180","250","13","","Active","'6933871564781","EAN13",""
"Bathroom huk "," kitchan variety","80","130","9","","Active","'6946759920272","EAN13",""
"Fashion girl huk "," kitchan variety","80","130","15","","Active","'6946759920500","EAN13",""
"Peeling ashtry"," kitchan variety","180","250","0","","Active","'6944128637950","EAN13",""
"Gloves "," kitchan variety","180","250","1","","Active","'6956834300028","EAN13",""
"Mini dust pan "," kitchan variety","150","250","3","","Active","'6901722320596","EAN13",""
"Home key hold "," kitchan variety","120","250","0","","Active","'6931443909725","EAN13",""
"Photato piller"," kitchan variety","80","130","0","","Active","'6900020000001","EAN13",""
"Lucky strainer"," kitchan variety","100","130","1","","Active","'8419846123293","EAN13",""
"Lakri bat small ","TOYS ","250","350","1","","Active","'852525414785","EAN13",""
"Lakri Bat ","TOYS ","600","800","2","","Active","'369856985696","EAN13",""
"Buny baby kit","cosmetics","180","250","16","","Active","'259632587412","EAN13",""
"Racket ","TOYS ","450","700","0","","Active","'8183567004536","EAN13",""
"Plumping lip gloss","cosmetics","180","250","11","","Active","'6974482501314","EAN13",""
"huda pencil ","cosmetics","130","200","4","","Active","'6941898926017","EAN13",""
"Saada markar","cosmetics","80","130","29","","Active","'021548596369","EAN13",""
"Medora perfume ","cosmetics","150","250","71","","Active","'012548596585","EAN13",""
"Purissoft tissue"," kitchan variety","210","250","7","","Active","'02145896523","EAN13",""
"Aroma "," kitchan variety","210","250","7","","Active","'AS657862312265","CODE128",""
"2In 1lip gloss","cosmetics","280","350","6","","Active","'6974482522715","EAN13",""
"Moisturize lip gloss","cosmetics","200","250","1","","Active","'6974482523606","EAN13",""
"matte lip gloss","cosmetics","170","250","10","","Active","'6972196674249","EAN13",""
"Shimmer spray ","cosmetics","280","400","9","","Active","'6973911280110","EAN13",""
"Plastic comb ","cosmetics","30","70","0","","Active","'01254125896522","EAN13",""
"Eves pencil","cosmetics","180","250","3","","Active","'6950420108814","EAN13",""
"eyeshadow models","cosmetics","80","130","12","","Active","'6920443201854","EAN13",""
"eskard","cosmetics","80","130","3","","Active","'6260600108023","EAN13",""
"whistle","cosmetics","100","130","2","","Active","'6954842275109","EAN13",""
"cer","cosmetics","100","130","2","","Active","'6954842275123","EAN13",""
"dr john","cosmetics","70","130","0","","Active","'8964001048411","EAN13",""
"kiss lovely 3pic","cosmetics","180","250","9","","Active","'6926641032061","EAN13",""
"phantom","cosmetics","80","130","15","","Active","'6971108310015","EAN13",""
"lmk","cosmetics","90","130","0","","Active","'6928343009150","EAN13",""
"kids","cosmetics","90","130","1","","Active","'6927728501289","EAN13",""
"coswin","cosmetics","100","130","0","","Active","'8801038123097","EAN13",""
"rige","cosmetics","100","130","3","","Active","'6983848517708","EAN13",""
"cosmetic","cosmetics","90","130","3","","Active","'8801013812541","EAN13",""
"soft whisper 5 pic","cosmetics","150","250","9","","Active","'4684000000596","EAN13",""
"kiss lovely","cosmetics","180","250","0","","Active","'6926641036014","EAN13",""
"sweet queen","cosmetics","100","130","9","","Active","'6920492665805","EAN13",""
"beautiful say","cosmetics","180","250","1","","Active","'6926641004211","EAN13",""
"aobocomb ","cosmetics","40","70","0","","Active","'6951694900395","EAN13",""
"chofn1","cosmetics","90","130","4","","Active","'6954842275185","EAN13",""
"chofn","cosmetics","90","130","1","","Active","'6954842276632","EAN13",""
"hanhou","cosmetics","100","130","2","","Active","'6951420902303","EAN13",""
"garbage bags medium"," kitchan variety","180","250","0","","Active","'2587465247877","EAN13",""
"garbage bags small"," kitchan variety","180","250","0","","Active","'2587465247884","EAN13",""
"garbage bags large"," kitchan variety","180","250","0","","Active","'2587465247891","EAN13",""
"cling wrap"," kitchan variety","280","350","4","","Active","'6682448256016","EAN13",""
"aluminium foil"," kitchan variety","280","350","4","","Active","'6682448256054","EAN13",""
"soft 10 pic ","cosmetics","280","350","2","","Active","'2000001567524","EAN13",""
"soft pack 550 sheets","cosmetics","200","250","12","","Active","'657862312668","EAN13",""
"mini soft pack 1","cosmetics","100","130","43","","Active","'657862423708","EAN13",""
"mini soft pack","cosmetics","100","130","28","","Active","'657862423715","EAN13",""
"Riyal Cosmetics ","cosmetics","90","130","666","","Active","'1485236975214","CODE128",""
"Black Bonus Powder","cosmetics","180","250","7","","Active","'1239874561234","CODE128",""
"Pero fessional ","cosmetics","180","250","12","","Active","'1472583691472","CODE128",""
"Cocktail makeup remover","cosmetics","180","250","2","","Active","'1334568989541","CODE128",""
"True Face Wash","cosmetics","180","250","26","","Active","'13545634565354","CODE128",""
"Himalaya lotion ","cosmetics","100","130","6","","Active","'1238794561234","CODE128",""
"Loreal Paris","casmetic","100","130","13","","Active","'23456789912345","EAN13",""
"heel balm ","casmetic","100","130","23","","Active","'2724433522561","EAN13",""
"royal silk","casmetic","60","130","14","","Active","'935180114011","EAN13",""
"patrix","casmetic","100","130","0","","Active","'6260600107064","EAN13",""
"cootton buds 3 pic ","casmetic","80","130","1","","Active","'8809058410135","EAN13",""
"toothpick 5","casmetic","60","130","0","","Active","'6933961564936","EAN13",""
"toothpick 4","casmetic","120","200","4","","Active","'6972766011191","EAN13",""
"toothpick 3","casmetic","80","130","11","","Active","'6977646350001","EAN13",""
"toothpick 2","casmetic","80","130","0","","Active","'6933961563410","EAN13",""
"toothpick 1","casmetic","80","130","11","","Active","'6933961560037","EAN13",""
"cotton swabs 500 pic","casmetic","200","300","5","","Active","'6821224184406","EAN13",""
"kata runjie ","casmetic","130","250","9","","Active","'6994670810332","EAN13",""
"cotton buds runjie 2","casmetic","180","250","9","","Active","'6975236487182","EAN13",""
"cotton buds runjie ","casmetic","150","250","6","","Active","'6975236487175","EAN13",""
"cotton buds 200 pic","casmetic","150","250","8","","Active","'6971802092019","EAN13",""
"yakta","casmetic","110","130","21","","Active","'6261005040154","EAN13",""
"daisy ","casmetic","110","130","0","","Active","'8964003916008","EAN13",""
"coswin","casmetic","150","250","1","","Active","'5161616063324","EAN13",""
"abishi","casmetic","150","250","0","","Active","'6945409560134","EAN13",""
"ruby rose","casmetic","100","130","1","","Active","'3760133120446","EAN13",""
"valera","casmetic","100","130","3","","Active","'5280270014098","EAN13",""
"ever beauty ","casmetic","100","130","8","","Active","'6995175360056","EAN13",""
"fun","stationery ","100","130","0","","Active","'0726529669329","EAN13",""
"lip stick 5","casmetic","100","130","4","","Active","'6972589860013","EAN13",""
"donkay milk","casmetic","100","130","6","","Active","'6971764170763","EAN13",""
"lip balm apricot","casmetic","80","130","0","","Active","'8964003726492","EAN13",""
"lip balm mango","casmetic","80","130","4","","Active","'8964003726522","EAN13",""
"lip balm guava","casmetic","80","130","3","","Active","'8964003726515","EAN13",""
"lip balm aloe vera","casmetic","80","130","9","","Active","'8964003726485","EAN13",""
"lip balm lemon","casmetic","80","130","1","","Active","'8964003726508","EAN13",""
"leche esencial","casmetic","100","130","1","","Active","'6937118819498","EAN13",""
"pencl box","stationery ","90","130","0","","Active","'8964002932955","EAN13",""
"perfect blush ","casmetic","180","250","5","","Active","'6973911272825","EAN13",""
"hudanojl ","casmetic","230","250","14","","Active","'6974482505060","EAN13",""
"poster colcrs ","stationery ","180","250","2","","Active","'8964000537428","EAN13",""
"super excei","stationery ","90","130","0","","Active","'8964000151136","EAN13",""
"tiger pencils","stationery ","100","130","0","","Active","'8964000537183","EAN13",""
"special compass","stationery ","70","130","4","","Active","'8964002932832","EAN13",""
"colour marker biue","stationery ","90","130","4","","Active","'726529669336","EAN13",""
"colour marker black","stationery ","90","130","3","","Active","'726529669343","EAN13",""
"ball point","stationery ","150","200","7","","Active","'726529669503","EAN13",""
"water colour","stationery ","100","130","13","","Active","'8964000115763","EAN13",""
"wipes 84","casmetic","130","200","0","","Active","'5000207005506","EAN13",""
"mikyaj 21"," kitchan variety","70","130","4","","Active","'034533485003","EAN13",""
"butter knife"," kitchan variety","70","130","217","","Active","'4991203114969","EAN13",""
"china chori 2"," kitchan variety","80","130","30","","Active","'4991203128430","EAN13",""
"china chori  1"," kitchan variety","80","130","24","","Active","'4991203128393","EAN13",""
"fit me","casmetic","100","130","6","","Active","'6971568203025","EAN13",""
"heavan dove","casmetic","100","130","1","","Active","'52135215986","MSI",""
"eyebrow powder","casmetic","100","130","18","","Active","'6922221785686","EAN13",""
"shining light","casmetic","100","130","4","","Active","'6922221785648","EAN13",""
"ho boost s","casmetic","180","250","7","","Active","'6973568889117","EAN13",""
"gold sequins","casmetic","90","130","22","","Active","'6905624881100","EAN13",""
"delicate vip eyeliner","casmetic","200","250","2","","Active","'6903072480234","EAN13",""
"7 gold lovely","casmetic","100","130","2","","Active","'5633255521003","EAN13",""
"love rain lip gloss","casmetic","100","130","3","","Active","'6937118811447","EAN13",""
"potato 280 ml","casmetic","100","130","1","","Active","'3217315188027","EAN13",""
"closeup","casmetic","100","130","4","","Active","'8934839122485","EAN13",""
"7 gold","casmetic","100","130","10","","Active","'7 Gold Hair RemoverNaeem & Faheem Brother0304-1145783 / 0342-8627930","EAN13",""
"bloomo cream","casmetic","200","250","1","","Active","'8964003726829","EAN13",""
"moisturizer cream","casmetic","100","130","0","","Active","'6267945800674","EAN13",""
"mocoallure highlight","casmetic","200","250","3","","Active","'6972148251085","EAN13",""
"vaseline blueseal","casmetic","100","130","0","","Active","'6001085120946","EAN13",""
"baby shampoo 100 ml","casmetic","100","130","6","","Active","'9556006014547","EAN13",""
"baby shampoo","casmetic","100","130","1","","Active","'6260007501601","EAN13",""
"makeup removing oil 2","casmetic","250","300","6","","Active","'6928119806105","EAN13",""
"makeup removing oil","casmetic","250","300","6","","Active","'6928119806099","EAN13",""
"facemed","casmetic","180","250","5","","Active","'6971764120065","EAN13",""
"blue tonig","casmetic","230","250","5","","Active","'6975910698279","EAN13",""
"popo candy","casmetic","230","250","0","","Active","'6975910698255","EAN13",""
"fruit punch","casmetic","230","250","4","","Active","'6975910698248","EAN13",""
"Any land 18 kit ","casmetic","700","1000","2","","Active","'6933495868395","EAN13",""
"Any land kit ","casmetic","500","650","0","","Active","'6933495813661","EAN13",""
"Any lady","casmetic","500","650","1","","Active","'6933495810882","EAN13",""
"Anylandy","casmetic","500","700","4","","Active","'6933495811636","EAN13",""
"Mocoallure ","casmetic","350","500","5","","Active","'6972148237751","EAN13",""
"Ushas kit","casmetic","750","1000","5","","Active","'6924372604793","EAN13",""
"Made magic ","casmetic","1100","1400","1","","Active","'6972148236488","EAN13",""
"Aroma ","casmetic","100","130","0","","Active","'www.adore.pk","EAN13",""
"Derire ","casmetic","100","130","3","","Active","'8964003905613","EAN13",""
"Forever ","casmetic","100","130","6","","Active","'www.adore.pk","EAN13",""
"Florence honey ","casmetic","180","250","2","","Active","'5280270022352","EAN13",""
"Florence Loe vera ","casmetic","180","250","1","","Active","'5280270022338","EAN13",""
"Florance ","casmetic","180","250","5","","Active","'5280270022345","EAN13",""
"sunblock","casmetic","180","250","9","","Active","'1380201379624","EAN13",""
"blommo whitening face wash","casmetic","200","250","3","","Active","'8964003726164","EAN13",""
"sunscreen","casmetic","180","250","10","","Active","'2679468320029","EAN13",""
"7gold facewash","casmetic","180","250","0","","Active","'9780202328027","EAN13",""
"gold facewash","casmetic","180","250","10","","Active","'9780201377828","EAN13",""
"blommo rice mil face wash","casmetic","280","350","16","","Active","'8964003726256","EAN13",""
"aloevera gel","casmetic","150","200","4","","Active","'6920438306755","EAN13",""
"whitening cream","casmetic","200","250","12","","Active","'8850021005308","EAN13",""
"orange mask","casmetic","180","250","2","","Active","'2679466275024","EAN13",""
"mask green","casmetic","180","250","2","","Active","'2694574125870","EAN13",""
"black mask","casmetic","180","250","4","","Active","'2679466275024","EAN13",""
"skin white sun block","casmetic","180","250","3","","Active","'8964000578797","EAN13",""
"remover cream","casmetic","180","250","6","","Active","'8964002612086","EAN13",""
"b lite remover","casmetic","180","250","0","","Active","'8964000370261","EAN13",""
"hair remover","casmetic","180","250","4","","Active","'5689021458783","EAN13",""
"alovera gel 120ml","casmetic","100","130","10","","Active","'3044354933116","EAN13",""
"hair spary","casmetic","180","250","17","","Active","'2880201379628","EAN13",""
"hair remover","casmetic","100","130","5","","Active","'8964003905187","EAN13",""
"hair remover","casmetic","100","130","11","","Active","'8964003905194","EAN13",""
"hair remover ","casmetic","100","130","9","","Active","'8964003905170","EAN13",""
"olive scrub","casmetic","380","500","1","","Active","'6928001834667","EAN13",""
"almond scrub","casmetic","380","500","1","","Active","'6928001836586","EAN13",""
"apricot scrub","casmetic","380","500","1","","Active","'6928001834636","EAN13",""
"coffe scrub","casmetic","380","500","2","","Active","'6928001834889","EAN13",""
"charcol scrub","casmetic","380","500","3","","Active","'6928001836555","EAN13",""
"rice scrub","casmetic","380","500","1","","Active","'6928001836555","EAN13",""
"whitening cream","casmetic","100","130","1","","Active","'6959854220673","EAN13",""
"crack cream","casmetic","100","130","25","","Active","'www.adore.pk","EAN13",""
"lifeboy shampoo","casmetic","100","130","9","","Active","'8961014255959","EAN13",""
"head sholder","casmetic","100","130","1","","Active","'8001841299303","EAN13",""
"lifeboy shampoo","casmetic","100","130","4","","Active","'8961014266061","EAN13",""
"sunslik shampoo","casmetic","100","130","0","","Active","'8961014250367","EAN13",""
"pantine shampoo","casmetic","100","130","2","","Active","'8001841494067","EAN13",""
"ponds lotion ","casmetic","100","130","0","","Active","'4800888223111","EAN13",""
"jhonson lotion","casmetic","100","130","2","","Active","'3574669908115","EAN13",""
"onion shampoo","casmetic","180","250","15","","Active","'6261342403728","EAN13",""
"milk shampoo","casmetic","180","250","7","","Active","'2161220163330022","EAN13",""
"maxsoft shampoo","casmetic","180","250","0","","Active","'6261342403872","EAN13",""
"latifeh shampoo","casmetic","180","250","2","","Active","'6260007501502","EAN13",""
"soapex shampoo","casmetic","180","250","0","","Active","'6261342403810","EAN13",""
"soapex body wash","casmetic","180","250","0","","Active","'6261342403117","EAN13",""
"sunslik pink","casmetic","180","250","1","","Active","'8961014250381","EAN13",""
"lifeboy shampoo","casmetic","180","250","0","","Active","'8961014266092","EAN13",""
"soapex shampoo","casmetic","180","250","0","","Active","'6261342402004","EAN13",""
"lux shampoo","casmetic","180","250","0","","Active","'6260526401000","EAN13",""
"vatka 200ml","casmetic","180","250","16","","Active","'6291069208221","EAN13",""
"pantene shampoo","casmetic","180","250","1","","Active","'8001841494180","EAN13",""
"vatika shampoo","casmetic","180","250","1","","Active","'5022496103466","EAN13",""
"soapex shampoo","casmetic","180","250","0","","Active","'6261342403735","EAN13",""
"head sholder","casmetic","180","250","1","","Active","'8001841460383","EAN13",""
"dove shampoo","casmetic","180","250","1","","Active","'8718114621371","EAN13",""
"lerox shampoo","casmetic","180","250","4","","Active","'6269802300242","EAN13",""
"vatika shampoo","casmetic","180","250","0","","Active","'6291069701074","EAN13",""
"sunslik shampoo","casmetic","180","250","0","","Active","'8961014251944","EAN13",""
"lifeboy shampoo","casmetic","180","249.99","2","","Active","'8961014266108","EAN13",""
"Clinic shampoo","casmetic","180","250","0","","Active","'8901030636929","EAN13",""
"Bloomo habibi","casmetic","230","250","1","","Active","'8964003726898","EAN13",""
"Bloomo fashion ","casmetic","230","250","1","","Active","'8964003726423","EAN13",""
"Bloomo dream ","casmetic","230","250","1","","Active","'8964003726430","EAN13",""
"Bloomo fusion ","casmetic","230","250","15","","Active","'8964003726911","EAN13",""
"Bloomo jasmin pouder ","casmetic","230","250","10","","Active","'8964003726935","EAN13",""
"Soapex cream ","casmetic","150","250","0","","Active","'6261342402011","EAN13",""
"Delite hand wash ","casmetic","200","250","0","","Active","'653341108876","EAN13",""
"Delite hand wash ","casmetic","200","250","0","","Active","'653341108470","EAN13",""
"Delite hand wash ","casmetic","200","250","0","","Active","'653341108678","EAN13",""
"Bloomo hand wash ","casmetic","200","250","0","","Active","'8964003726621","EAN13",""
"Blooomo hand wash ","casmetic","200","250","0","","Active","'8964003726126","EAN13",""
"Panda hand wash ","casmetic","200","250","0","","Active","'8964002933136","EAN13",""
"Black market spary","casmetic","200","250","5","","Active","'6295124001857","EAN13",""
"Dove body lotion ","casmetic","200","250","13","","Active","'8711700887922","EAN13",""
"S kret body spry ","casmetic","200","250","5","","Active","'SH-7443267-5","EAN13",""
"Deer erasers ","stationery ","200","250","4","","Active","'8964000115909","EAN13",""
"Pure gold body spry ","casmetic","200","250","7","","Active","'6295124029387","EAN13",""
"Arabian asell ","casmetic","200","250","2","","Active","'1234567890984","CODE128",""
"Sapil body spry ","casmetic","200","250","5","","Active","'6295124027499","EAN13",""
"Jenny body spry ","casmetic","200","250","0","","Active","'6294015128437","EAN13",""
"Jenny body spry","casmetic","200","250","7","","Active","'6294015118391","EAN13",""
"Jenny body spry ","casmetic","200","250","1","","Active","'6294015128512","EAN13",""
"Yasrah body spry ","casmetic","350","500","4","","Active","'8906132882502","EAN13",""
"oudh body spry","casmetic","300","400","5","","Active","'8964002911868","EAN13",""
"Every one body spry","casmetic","600","700","0","","Active","'5414666008839","EAN13",""
"strom body spry","casmetic","350","500","5","","Active","'8699009447279","EAN13",""
"Hibas body spry","","600","700","2","","Active","'6246717265255","EAN13",""
"Lia kit","","380","500","1","","Active","'6926641048239","EAN13",""